Giai đoạn,Sprint/Tuần,TaskID,Task,Ưu tiên,Ước lượng,Dependency,Deliverable,DoD (check),Status,Ghi chú
GĐ0,(chưa xác định),T1,"Patient-level re-split 471 ảnh DICOM bằng GroupKFold theo bệnh nhân (không theo ảnh) để loại leakage phát hiện trong audit",Cao,,None,"Script re-split + file mapping patient_id -> split",,Not started,"Audit phiên trước: 100/216 bệnh nhân (46%) hiện có ảnh lọt nhiều hơn 1 split"
GĐ0,(chưa xác định),T2,"Hợp nhất 1 split canonical (từ T1) áp dụng lại cho cả 3 định dạng dữ liệu: detr_data, faster-rcnn-data, yolov7-data",Cao,,T1,"3 bộ Data/ dùng chung 1 split canonical",,Not started,"Hiện tại DETR dùng split khác hẳn Faster-RCNN/YOLOv7: chỉ 7/47 ảnh test trùng nhau"
GĐ0,(chưa xác định),T3,"Pseudonymize / loại bỏ cột name và năm sinh khỏi toàn bộ CSV trong Data/faster-rcnn-data/annotations",Cao,,None,"CSV đã pseudonymize, không còn PII plaintext",,Not started,"Vi phạm .agents/AGENTS.md mục bảo mật dữ liệu; có thể làm song song T1"
GĐ0,(chưa xác định),T4,"Trích xuất & ghi lại tường minh cấu hình huấn luyện hiện có của YOLOv7 (opt.yaml/hyp.scratch.p5.yaml) và DETR (argparse trong src/detr/main.py)",Cao,,None,"File cấu hình huấn luyện tường minh cho YOLOv7 và DETR",,Not started,"Checkpoint DETR dùng trong app.py không có file cấu hình gốc đi kèm"
GĐ0,(chưa xác định),T5,"Tái tạo cấu hình huấn luyện còn thiếu cho Faster-RCNN (hiện không có configs/ Hydra, không có train.py trong src/faster_rcnn/)",Cao,,None,"File cấu hình huấn luyện Faster-RCNN (epoch/batch/lr) hoặc ghi rõ unknown nếu không truy được",,Not started,"Checkpoint .ckpt hiện có không thể xác minh lại đã train bằng thông số gì"
GĐ0,(chưa xác định),T6,"Chốt 1 bộ control-variables dùng chung cho cả 3 kiến trúc: brightness level cố định, image size, augmentation, số epoch/round tương đương",Cao,,"T4, T5","File cấu hình control-variables dùng chung",,Not started,"Hiện mỗi model tự chọn brightness level khác nhau (frcnn=2, detr=4, yolov7=3 trong app.py)"
GĐ0,(chưa xác định),T7,"Đối chiếu lại baseline centralized (mAP@0.5/F1/Sen/Spec) trên split T2 + cấu hình T6 cho cả 3 kiến trúc",Cao,,"T2, T3, T6","Bảng baseline centralized mới, dùng làm mốc so sánh cho FL",,Not started,"Baseline cũ (D1-D5) không dùng được vì lẫn leakage + cấu hình không đồng nhất"
GĐ0,(chưa xác định),T15,"Quét metadata DICOM (manufacturer/software) trên toàn bộ 471 ảnh để xác nhận có/không biến thiên thiết bị",Trung bình,,None,"Bảng thống kê manufacturer/software theo từng ảnh",,In progress,"Mẫu ngẫu nhiên đã quét: 100% GE Infinia + Xeleris 3.1108 (proposal.md mục 6.0); task này để quét đủ toàn bộ 471 ảnh, xác nhận không có ngoại lệ"
GĐ0,(chưa xác định),T16,"Tra cứu & trích dẫn căn cứ pháp lý cho việc dữ liệu SPECT không được tập trung hoá liên viện",Cao,,None,"proposal.md mục 9.1 với trích dẫn điều luật",,In progress,"Đã tra cứu xong: Luật Khám bệnh chữa bệnh 2023 (15/2023/QH15) Điều 69 + Nghị định 13/2023/NĐ-CP, đã đưa vào proposal.md; giữ task để người dùng xác nhận tay trước khi đóng"
GĐ0,(chưa xác định),T17,"Xin thêm dữ liệu SPECT thật (mục tiêu ~1.000 mẫu), ưu tiên xin được dù ít từ viện khác để dùng làm test set unseen-domain",Cao,,None,"Bộ dữ liệu mở rộng + ghi rõ nguồn (cùng viện hay khác viện)",,Not started,"Nếu chỉ xin thêm được từ cùng viện, dùng Bậc 2 (covariate shift theo gap) thay thế — xem proposal.md mục 6.1"
GĐ1,(chưa xác định),T8,"Dựng cấu trúc code Train/ ở root repo (KHÔNG lồng trong uet-thyroid-detection-main — xem D7 record.md) theo thiết kế Train/init.md: configs/, src/common/ (data/metrics/utils dùng chung), src/models/ (import lại model DETR/Faster-RCNN/YOLOv7 từ uet-thyroid-detection-main/src, không copy), src/engine/, scripts/train.py",Cao,,T7,"Thư mục Train/ scaffold khớp Train/init.md, train.py chạy được ở mức khung (chưa cần data thật)","test -f Train/scripts/train.py && test -f Train/src/engine/trainer.py && test -f Train/src/common/utils/config.py && test -f Train/configs/base.yaml",Not started,"Scaffold đã dựng + smoke-test qua (config merge/override/save, transforms, RSI, train.py chạy tới đúng NotImplementedError ở split). Phần model wiring thật (src/models/*) còn chặn bởi xung đột tên package 'src' trùng giữa Train/ và uet-thyroid-detection-main — xem Train/init.md mục 4 và src/models/detr/__init__.py"
GĐ1,(chưa xác định),T9,"[SUPERSEDED bởi D7] Không cần di chuyển code khỏi uet-thyroid-detection-main — quyết định giữ nguyên làm legacy, không đụng đến. Task còn lại: xác nhận Train/ chỉ import (không copy/sửa ngược) từ uet-thyroid-detection-main/src",Thấp,,T8,"Xác nhận bằng review code: Train/ không copy-paste, không sửa file nào trong uet-thyroid-detection-main","git diff --quiet HEAD -- uet-thyroid-detection-main/",Not started,"Xem D7 trong record.md — thay thế toàn bộ mục đích ban đầu của T9 (di chuyển code cũ). DoD hiện tại chỉ kiểm tra 'không sửa uet' — chưa kiểm tra được 'không copy-paste' bằng máy"
GĐ1,(chưa xác định),T10,"Thiết kế partition N-client giả lập trên dữ liệu đã mở rộng (T17), ưu tiên chia theo gap = study_datetime - treatment_datetime hoặc nhóm bệnh lý làm non-IID có căn cứ lâm sàng thật (proposal.md mục 6.1 Bậc 2), thay vì random",Cao,,"T7, T17","Script partition N-client + thống kê phân bố mỗi client",,Not started,"Ràng buộc bắt buộc: không cắt đôi cùng 1 bệnh nhân giữa 2 client"
GĐ1,(chưa xác định),T11,"Cài đặt FedAvg baseline cho cả 3 kiến trúc detection, dùng đúng bộ cấu hình đã chuẩn hoá ở T6",Cao,,"T8, T10","Kết quả FedAvg cho DETR/Faster-RCNN/YOLOv7 trên cùng metric với T7",,Not started,
GĐ1,(chưa xác định),T12,"Cài đặt FedProx, so sánh với FedAvg dưới điều kiện non-IID do partition T10 tạo ra",Trung bình,,T11,"Kết quả FedProx so với FedAvg",,Not started,"FedProx theo Ref.xlsx: xử lý statistical + system heterogeneity"
GĐ1,(chưa xác định),T13,"Đánh giá FL (FedAvg + FedProx) vs centralized (T7) trên cùng metric, viết báo cáo kết quả RQ1",Cao,,T12,"Báo cáo so sánh centralized vs FL, cập nhật proposal.md phần Kết quả",,Not started,
GĐ1,(chưa xác định),T18,"Thu xếp vòng chẩn đoán thật từ bác sĩ 108 Military Central Hospital để validation kết quả FL/centralized",Cao,,T7,"Bảng so sánh model vs chẩn đoán bác sĩ trên cùng ca",,Not started,"Điều kiện treo cho proposal.md mục 9.3 — quyết định rank Q1/Q2 phụ thuộc trực tiếp vào task này"
GĐ1,(chưa xác định),T19,"Khảo sát phần cứng thực tế tại các viện mục tiêu (CPU/GPU, RAM, băng thông mạng)",Trung bình,,None,"Bảng thông số hạ tầng thật, thay thế giả định tạm thời",,Not started,"Điều kiện treo cho proposal.md mục 9.4 — hiện giả định tạm chỉ có CPU nhiều nhân, không GPU"
GĐ2,(chưa xác định),T14,"Điều tra domain shift thật giữa các viện (cần dữ liệu đa viện thật hoặc phương án mô phỏng domain shift được kiểm chứng hợp lệ)",Thấp,,"T13, T17","Đánh giá tính khả thi + đề xuất phương pháp DA (FedBN/LC-Fed/FACMIC)",,Not started,"Chưa triển khai — chiến lược 3 bậc (Bậc 1/2/3) đã ghi tại proposal.md mục 6.1, kích hoạt tuỳ kết quả T17"
